x,y
-5.04365915154901,3.37826460125632
3.87372470969406,-4.02934219042371
4.0277243714305,3.3403713132259
-2.73353293938891,4.98446662737526
2.44281602153709,5.38202945513363
5.22750017202787,-3.77752928941202
4.86215820563054,6.93306359575657
-5.11754747557192,-1.62842791789996
-4.05383125902471,4.21361873238183
4.95210960402037,-4.26794993700487
4.33655219338225,-2.93166181315573
-3.5064814538499,4.33640043222684
-3.03405655013461,-6.08178521078085
-4.39272386868644,4.15959493782893
2.8811339218287,-2.92847843050168
-4.13813489189675,3.3126402380659
-0.527129674259452,-4.90024442670154
-1.10608020559559,-5.54257780985632
-1.62403985979684,-3.95160061249259
3.7767666952498,-3.42626244479302
-5.15931919013352,3.98610900349647
3.63251466213391,6.50278467287157
-1.50911373478855,-3.71787780412911
-3.06141989561162,-3.94752059914996
-2.30454018621188,-2.6254681030002
4.51619062976731,6.50105216264643
3.10074570377956,-3.1831875180985
-3.08064479139817,4.58145586648121
1.98753736928628,4.86720606502645
4.4278352433108,3.13581728625266
-1.19302633839632,-0.781827440288498
-1.13984900704247,-5.73220617336398
4.02773913970865,-3.7025294367262
0.259508426480178,-6.73212162896011
5.68247293702582,6.3558057076763
-5.12677956172344,1.95157308941827
-2.25443487521225,-2.98456935061425
-5.51094400476097,3.45330860694081
4.22913451106074,-4.51375834372066
4.27574418716025,-3.42431274172571
-3.68044751144546,3.46350698949026
-0.846567951509869,-3.51940038596728
-0.813702775662838,-5.7101730990351
5.68456032881765,6.26703025394542
3.89241360304483,6.72090011359822
-4.41301711213051,5.3468694815231
3.87069373207953,-3.55944872226803
-4.79649504200426,3.51900896696227
-1.64019342419205,-2.97878563798646
-6.85970377812388,-1.24632177146145
-2.20946890447968,-2.75420126790032
-4.37476359396074,3.90061193458593
6.35900613068649,-4.35626537942643
4.4286221945339,-5.15214054012042
-3.91966120016328,-2.29168243733646
5.32932486057005,-3.12375631761253
4.98885312606256,-1.40405434704092
-1.21618667177608,-3.67772110963627
1.90389588685241,4.87737039116374
-4.3360966735889,4.10483576195637
4.69363666959653,0.707771978998685
-3.37387202101464,4.15532563910864
3.95976693209012,-4.04988236478661
4.5033091942172,-3.11239861098955
4.95366180153226,-4.39195243587207
4.34608707378282,6.46841612126163
-4.01599876516144,-2.45483189622553
4.60269655077885,-0.374270320741762
6.78560089946127,-0.17075912666151
-5.7130881196137,-2.78469045331511
4.57552517839728,1.00757217800161
4.84723776687752,-3.50664314447539
-1.60338956822211,-5.43052596724207
4.45269447397287,-4.46176946702626
5.86430727518177,6.34347935709639
4.85119830890213,-0.621070269941458
5.77715731860071,-5.1982087260508
4.14712410366346,-2.74193239973755
-3.74929849447227,0.13094077877915
2.74129040860221,5.85344875830131
-1.36147011517047,-2.77678489012038
-3.5032917567566,3.25090167962763
-1.92364740008029,-2.29991791177977
-4.3795385195916,3.59979714465473
4.9170097253392,0.468881248922369
-4.50148091426812,-2.46203570152776
2.77694526156593,5.27368228443209
-3.34870076948482,-3.83321215553209
-3.42743089222929,3.25210979494899
4.7139281650087,-0.800310177250486
-3.39436102135497,3.86015092058692
-5.36328738870229,4.59745301233537
1.97158992950608,4.93793799128551
-3.53123626909657,-1.43486436291151
4.78444636416111,0.799796142917757
-5.14557371700646,-1.59989846770498
-3.48479586442237,4.32676087482381
-2.52087345004953,-2.72457907208142
-1.9321298672683,-2.84906563175786
2.79672395495727,-3.22754116755466
4.37237485484804,-3.77006619220977
-3.27388103173667,-2.05375359165234
-1.80118684127613,-5.65013617167896
3.28534280105111,-3.347992841116
3.09272326561988,-2.24712885710502
5.17047634199248,-1.01371398636406
-5.15263410578828,2.40828330887259
-1.60562482117103,-4.32483101175384
-4.58750645301388,-2.42442690232229
-2.959742278558,-3.89223562912358
-4.58043075227652,3.31006485351601
4.42458182250468,-3.04693925754574
-4.2289678435583,3.5331378605308
5.19179329561083,-4.15139803854099
3.6330244186723,3.46943397805972
4.56733125151637,7.11568164714718
-0.789703833173296,-4.20442623236509
4.59107951269879,-4.2833431393737
-1.22675019720052,-5.48066141451402
3.68828802533173,6.71469469138225
-3.45172533648209,-2.10153659212727
6.60295234087154,-4.42767104202114
-1.16365261523527,-4.46659430476282
-4.9767193174162,3.50746673344122
-3.6840312044686,4.48775377087397
5.39037069639472,-4.1841190659115
2.12820592508664,5.84280964765913
-1.93035109421212,-3.67936266190618
4.77158948562193,-3.7488002877561
-4.00113376369919,4.65233372318206
4.06220012912972,3.55839020140115
4.88024052478614,0.239537046951858
5.06765300309989,-3.43081704051585
-1.43901077667922,-3.93813538239827
-2.68440073440015,-4.09673450788617
-2.53490242037533,-2.61920146687613
-4.12224415747357,3.84697220784256
-4.32643038070471,-1.52866978212105
-1.06623509620541,-4.36789764187901
5.52283962817596,-5.21660472079026
5.03458292338838,-4.44176927677475
4.70747193377989,6.6281394611115
-1.96625727473572,-2.59927309052814
2.55252093172573,-2.5811891552402
-4.70358886333959,3.88545359888323
5.56313140255927,-3.94742314833025
-4.0177615201993,2.75471532501865
-1.48983473097983,-4.49637821022967
-1.73798706082717,-2.50484630994232
-1.64173097864803,-4.06752687622162
4.84303070253016,-3.42036097604596
-5.56852017791122,-2.9301706267895
-4.66009827333309,3.52229071567226
2.71684834273152,5.94739657274933
-3.05333668842752,3.21362471130232
-5.05092458561096,3.66912674095238
2.65260040884107,6.35770580986003
3.0936866520027,6.12747214457575
1.62331066035231,4.76944116110925
4.51455155306077,-0.0879319005997762
-1.67195291263285,-3.83836043834795
3.1662417539446,6.34039678615139
4.29304442864188,3.17297842975275
4.42387051822994,6.81613439364814
-7.45809602660067,2.51628601625498
-4.3445198181988,-1.68537227814767
-3.89628542956729,-2.45407707071172
2.85726411041214,5.65224224777603
5.79284784345665,6.49313046760545
-4.6934478124412,3.05986473395737
3.91104169615099,6.48837374401049
5.20076003036612,6.39775068981924
-3.58882207819523,3.73228472300069
2.11364039201217,4.87829198819017
5.30422015516208,6.81797226911617
2.66148336286643,4.73540956613725
1.78987185225023,-3.24042321179494
5.14869671620737,-4.00612244786142
1.82771879517384,4.95022125685684
5.74994800427123,-4.63083027170763
-2.93855594510701,-2.3814502119089
2.44713609533491,5.70428867354924
-5.85614811681859,4.16698774262841
4.84091609189849,1.48626203456778
-3.68745699797799,3.34520624390863
-3.67581877907542,3.89318340628124
-6.70891558614005,5.30698631426577
-1.67223027948782,-5.09695344146007
3.18520706553381,6.20661448193909
-3.93942821390175,4.21062063824569
5.78176883564425,-3.72459387872026
4.31702311488649,-4.02677689411165
-1.95578758050696,-2.50713061110273
5.43791727750345,6.41029894547644
4.53141819447365,6.89702196947882
5.86887429811632,-5.75742050057767
1.6389091640265,4.30421922941146
-3.46262388464304,4.28372204710045
5.17671338157139,-4.3544148952495
-6.84327619573105,3.1243976406527
-3.93904200191061,3.76308175765478
-1.15905066495433,-3.55260144380854
1.3492101709762,3.23564716859147
-1.14287224404734,-3.69429957462149
-1.65981705880703,-4.23217510751812
4.49055078263491,1.04105695535575
-4.21914162736485,5.2444935478829
2.58446169584662,5.80447412104261
-1.14164178584586,-4.56557875698435
-2.54967069483059,3.97533815625012
-3.96461970426013,2.47548481272466
4.41430677294486,6.69634602888965
-4.60110334613082,4.26489014865789
-4.88849750252805,2.15968717533774
-4.34804497323336,-2.37557458107794
5.46805929102602,6.57966511233412
3.39812775763575,6.69977679362625
3.95827470523578,6.6492240361946
3.61738480224,6.80622096219788
3.79702963778956,6.43562913859194
-1.10329697932709,-5.8458400735911
5.53818482826278,-3.98394388763446
2.02648434899035,4.64925900621952
-1.5334348137916,-3.42636297414227
-1.36650825129291,-3.71329970722092
-4.08023702827309,-2.09451814302981
5.64521497386259,-2.9085091929147
5.44334429839471,-4.65047656485769
3.7566411007841,6.32637652595378
-3.49053746036218,4.02576098486375
-4.4284987365971,4.18741132502941
-4.6323850501964,3.69624966369082
-5.88182103809356,3.23713842601024
-4.13167204900753,-2.56595425794114
4.47229755812231,-3.42540881726666
4.65041982446869,-3.58922053334606
-3.9363916570003,3.46968693487215
4.77706319389065,-1.02404908230099
-2.26694837306994,4.37377685306059
-2.96186764421161,4.52037376743848
5.29041418188069,-4.24731445154119
2.99596142288535,-3.32183579132879
-2.84961477791966,-1.84835501283836
-3.86292288658277,-4.02923190951835
3.75243298838095,-3.98902262787076
5.75365112509409,-4.64740767401478
-4.36378894541303,3.5192388379491
-2.85667946080691,-4.0556287112324
2.37871679165653,5.6917028706939
-5.24722046816616,-4.5770439305837
2.48964049067321,5.71131624987056
4.02551274019281,6.37898426145896
-3.67826896469877,3.15729514448467
1.55261341765974,3.16277734695907
4.16632131394847,-3.01130006316494
2.60443173746665,6.28503075298277
-1.52427804786914,-4.8665239043596
-5.60549674242129,2.78351857539621
2.0664940562521,4.4492993504354
0.848514033061878,3.85570599896327
-5.046083811145,3.00194269239698
-3.23066775185382,4.90356238372272
5.51831663879442,-4.35051977664714
3.98486511851308,-3.2881471609844
-1.5936933526828,-3.35127331586887
-3.18823803118194,-2.4374263324128
3.4400943155497,6.40725613212301
-5.31771256735775,-4.52079550386972
4.27465916310718,-3.4969236511689
5.41807083673194,-3.19970038143618
3.72344422890289,6.78792319792979
-0.920612265370592,-3.09425573357956
-3.70513861904897,-1.76394841325372
-3.17777927749977,-2.20945089014856
-2.65888356000231,-2.68158045779603
-4.6899941825082,3.42017189208835
4.08463119223323,-3.51020263883405
5.24452630384164,-4.44331263086012
-3.71766909014536,4.7542068710808
-3.41439775730926,-4.0439572261872
-3.59662432936395,3.53793839160991
2.56704039497271,5.18734044391691
-3.09240953722963,3.47788024182018
-5.50207959546795,-4.48427434747392
-3.80560103921084,3.3851148146618
3.15071104547598,6.75080121210294
3.62906875947443,6.12166041143823
4.39438975339771,6.82500537224341
4.61693514498557,-2.82622219571564
-5.95129995861426,2.13380526961195
4.2819003238327,3.38202929227538
4.63705995648025,-2.53104238722105
-3.30851953129254,4.40818050539785
-3.53182960003534,3.12110711951406
-2.95627045555066,3.31398927971846
3.41993374704964,-3.48313294839719
4.06813150120411,-3.09419602503668
3.52137037685384,6.37250984021111
4.50547778319558,5.59088803780886
4.77777089212878,-3.43727295784773
5.53403788505131,-4.07577414611385
-1.82507890049542,4.17705093461794
-4.93169937460845,3.3735130306779
-2.02711227485888,-3.21659566336161
3.9243973285768,-2.51241785565406
3.01151603231739,6.66506057900323
1.89749376948409,5.28637786183815
0.104442579688886,-5.14903017133568
-1.37283929239059,2.12686385467628
-4.32744736171401,3.53093657081076
-2.33526278918328,4.79239041501299
-1.47844882503176,-2.95722191638575
3.07521167096492,6.52062371583786
5.37882643662273,-4.90799129726238
4.97763222982943,6.64447095158187
-3.6607737013923,3.56722140759262
4.47106737744279,-3.36079884355594
5.29115289182609,-4.31804321781986
2.53519134933127,5.93055647995548
-5.03511880298575,4.42240639415448
-1.89528383716067,-3.63239471322135
4.63345503842356,-0.207241405524228
3.64854532234881,-4.26549613678566
2.08674158771003,4.78547774136023
-3.07215032672775,-1.71047925805177
-3.1026890583668,-2.34700930662633
-3.59495653427389,3.77508365519538
3.45860791594042,6.96838711640764
-4.0937764481459,3.28280406045446
-3.96789285509141,3.67315955393606
-2.15421242079682,-1.98956517729393
1.11935380031816,-0.44736192695826
-2.92685216598853,3.26136666183433
-3.53897705655174,3.33064413812107
3.48260181858411,-3.04950109367142
4.51474631860215,-4.09560974482696
-3.05143956876835,3.35648280675222
-4.90478179748135,4.0319641013584
5.03648183693066,-4.55434085627211
5.12661889197671,6.37719390693185
-5.05851573263898,3.54106443208917
4.72876963719186,-1.3274998497322
3.88375913033544,3.24331566217106
-2.56044783254579,5.46850211320291
-4.13337480553075,3.73148055419306
3.88770907318679,-3.60041446470727
3.71538549255981,6.26524124877722
6.34228978964217,-4.46441394263313
-1.03863640168134,3.80376459980921
-5.83185959588083,4.05293771955841
4.02066609752478,-3.00577635164148
-6.53131806979741,-3.6592249324131
-2.7610193069785,3.61016283351439
-4.0558560716715,6.71683060559122
-3.08042710174738,2.83966955369798
-4.74038772018337,4.01920700217783
1.99707605377529,4.53691668500475
4.65321714545177,6.805175065117
-3.97895932905445,4.2533050436632
3.72383458872632,6.85266545549266
-1.92822601382114,-3.19217491993342
-4.67452330009187,-2.13580480919774
-4.0126635318495,4.28499998715769
2.84186694343124,-5.44532523899825
5.28350408533597,-4.34296760721241
4.51717679035555,6.72429630287499
-2.8799026520068,4.16470073436839
2.62674363582277,6.03990160097024
-1.4074549913253,-5.16675271110606
5.69369535323048,6.96027751137403
4.51610003856235,7.14438258116123
-0.865659530663303,-4.27571143419727
2.99915237194816,6.19512710006788
5.71595552384384,6.77279908085148
-3.16937916772267,3.98566268719043
-3.39005018006098,3.51035179197815
4.28990646603921,0.904720105534412
-1.23335039820793,5.70879397719318
-5.82440942852365,-3.0172284958842
4.23942850042012,-2.76092972234427
4.22312857445983,-3.67554428541937
-3.43194602435691,4.34903251447074
2.06748272144809,5.41380190738727
4.75758300769467,-2.99464271856905
4.73272913704015,-1.05003451418798
-2.96251478061707,-4.32156699575327
5.39828374122109,6.59917786443369
5.48946713159117,-4.43912568902159
-5.0404718687222,2.77581729260483
-1.36446356533307,-5.02043797650286
-2.23330608882021,5.12976897410097
-3.58897083788562,-3.75902334806972
4.09060814647091,-3.43858651260371
5.01917462392721,6.44792524395527
-5.18801130677178,2.36073219428787
-1.59184209869581,-4.75946871129429
4.89440923567299,-4.16019321416316
-1.83774507798138,-2.62681794551496
6.58243535668759,-4.86778934056395
-6.16678955023049,2.92629158839564
5.36324193942937,-4.43635606150865
4.55701931112137,1.23416899953303
-1.44497547819772,-5.39510822338962
-5.02587624136472,-2.27803549840175
-3.43807424494834,2.98085571432828
-3.80914291171673,-1.78702621201883
3.24530386784495,-3.18486303448227
4.89073816906744,6.94156175560143
-1.05493409907092,-4.51148221844009
-4.45864857121739,-2.69662616807302
5.41873501152761,-4.35229148785902
2.26596077959863,4.81707345376368
3.42489128831502,-2.81020739809976
-2.04914906678204,-2.79301395137844
2.33741032923666,5.57909125874498
5.95812903174024,6.52512634219082
4.44018521953842,-4.15036590272594
-4.71711868482753,6.73311318222676
6.04169882104099,-3.88460067273082
3.38915628807741,6.37645500085665
2.26237921435284,5.13154149609238
1.86745927127355,-4.93413022634478
4.58513879600395,-4.31319669528412
2.58512576411788,5.36868429823554
2.71959675796959,5.92476871791549
5.1863688774585,-4.32971889802107
-2.30382505348385,-3.31877835674913
-3.4125123888584,4.79376115646033
-4.76812709433574,3.33213216210871
-3.94447144817199,-2.26533488269043
-1.51192696662656,-3.49211500404226
5.4956609625719,-3.95550044032139
-1.13858465476013,-5.21495834635202
-1.06696367606887,-4.92231014025942
4.6979725670621,6.5750895207757
4.86418869230783,6.71937190893791
5.78095606153088,-4.25377166616203
-5.17499296771761,-2.89764724077433
-4.59567425462055,3.09927645389104
4.88254804520428,-0.982696459183746
4.80934862697746,-4.46580369868892
-3.14161568539517,3.79072906830534
-5.80071476984012,1.93688493121824
-4.97305340335981,3.11022707355147
-1.29253882378531,-2.34758130417426
-4.63024680491925,2.74212709201622
5.1575663733844,-3.89650726809206
-3.49378970588279,3.42271463918819
5.45720816485727,-4.16368856779576
-1.006809568079,-4.31034953386395
-1.46869377941145,-4.77608983449901
-3.58375452356715,3.23487421975382
4.54837234684099,-3.56655527530299
-3.49881667496529,-2.385465933911
-5.08596337558838,4.90189493704331
3.20200687160753,-3.22183419446147
4.52064910930168,3.55557485041951
5.65578020145206,6.79487508489353
6.86317224595537,2.12212581538835
-4.0292835832137,-3.24534567169417
0.657241817509564,1.75590966672423
4.06197952245727,-3.89617762054171
-4.57483089448312,2.98732680844329
5.37596706045183,6.6108992140806
-1.47463897811424,-1.34445899532978
4.90791765286545,6.34090630822311
3.96690642010876,-2.95378855590246
3.20450482393811,6.3762742357686
-3.60739001417615,4.73081279167957
-3.8867124853308,2.95229004701475
2.5399237572658,5.43669202741074
5.32146957686022,-4.26043835949759
-0.719951040118259,-5.000187482622
1.8508150401026,6.40428949039386
1.77204166638608,4.6804843807239
4.88646504437731,-2.69552434531541
2.78729043352244,6.01623490239257
-4.09033100992791,3.78005879543057
-5.01234191789045,2.014365616687
-1.03157242334606,-5.3534518110294
4.47252033539028,6.65116997842822
-1.08540893689922,-5.05279903526324
4.8003388286099,-4.22939614443663
4.79978753308598,-3.58030078391683
2.73349876782187,5.8091194869325
3.49206661314892,-3.77588753392144
-3.06323764115193,-4.20473779815522
3.56611789749299,-3.50742540483308
4.01328097936344,6.92500698509587
-4.10467470303875,3.70600863703527
5.03915752774922,6.94524449559812
-5.3090557604581,-2.96073202797034
3.61478646319485,3.06980558019855
4.95550309792407,-1.3546132915545
-2.16497604157394,-3.08969821527397
4.08322378637467,3.353657399481
4.48638958061534,-3.60717448328268
5.8113305304925,6.65099340536636
6.16727502948523,-1.89657485010812
1.00914721908213,2.07491722975051
-2.68344447185709,-4.50858515456412
2.00966076350439,4.65170335924179
3.00680054842412,6.36570805443563
2.1866894571902,5.2763102768887
5.07965491755863,-4.90494476358522
-2.92943795970651,-2.29912107284366
5.99474699916213,-4.96851280030538
-5.16177127347681,-2.36690790386116
-3.29723252591977,-4.33393462251325
4.50181529589438,6.70570018183196
-3.99279221806642,-1.67568955043606
-3.05339556112007,3.92359424890321
4.61603577593517,-3.99111720543965
-4.06949173842822,-1.77089142340541
-4.28237981207913,2.67076518139723
-3.33148067273455,-4.18550915439874
-4.48948422562031,-2.31915693256148
6.86517956214162,-3.6803035662849
-6.04576246253357,2.23818629995946
4.823088185807,-3.66993172577357
-0.393596892661627,-5.67224744802021
-0.82587896863404,-5.25492432040563
2.94886892814521,1.90678112635484
4.58087100003371,-1.53059619930651
4.23296737563777,-3.97289055066052
-2.94007434823084,-1.43186765158444
-3.31208576060064,3.82642496829738
-2.29997056939546,-2.48323640554926
-2.40005310970223,-2.45327066874931
-7.49188963124601,2.13359348624847
-2.14995994806281,5.97281807384692
-3.12873749546034,-4.06002249825922
3.76059513380318,6.78174599884068
-3.47692386455509,4.49509834496608
3.78995586283134,-3.60284592178399
-1.19638178549856,-3.81926439826435
-5.10687995068263,4.2810253298231
4.71757840364623,-3.20672040548988
-5.06464774876672,3.1848271726574
3.68286756945467,-3.25958101828346
-2.84569291766631,-4.06986019587163
-0.929621182894088,-4.7958858822876
-2.76893983700742,-3.68271801137631
2.5969870972577,5.88933600301283
5.50213586690961,-4.69033552508587
4.00515494253279,-2.79133839332734
-1.01689386713189,0.164054893969652
-4.29410307983191,3.20837085291759
1.85365627696884,4.59243021223891
-0.758679880438147,-3.21730367753162
-4.05516127275039,3.7625816022409
3.82012755241445,-3.88696387031064
-5.52377201493953,-2.71936495631871
3.49000685684748,-3.53521870884987
4.75639226904632,1.20464223653849
1.77640538772557,4.62932149013539
2.02929773194921,4.85212039503922
4.12352369904501,6.50679793716648
5.23293283516138,-4.62418825629521
-2.06115960076723,-2.78051728362792
-5.20715124655048,3.47817559576062
-2.9959289684016,-4.01127772814858
4.63593580298328,-3.65112797438084
-5.40245408584905,2.74165035116684
5.52728817561449,-4.01708211499779
-3.85226138562715,-2.16151960719196
-1.00865063089565,-3.92362767911986
4.95877739191126,6.62621601365024
5.55452977545656,6.27444441849922
2.23285621143097,5.29116595350353
3.67949635822617,3.55860943689803
-5.9083601935883,4.55260891881433
5.02756174149358,-4.45816685895893
4.50366113547281,-3.21281425506328
2.10642973157353,-2.09179271012611
3.22963332057512,-2.59908817384859
4.42884522323533,-2.72528704278358
-3.40971820038728,4.13952130623316
3.34562197284707,-2.23340672992022
5.03063035968942,-4.83566048334416
-3.5554126992733,3.96373184732156
1.91139404182775,-2.87613989630127
-5.49981720912912,3.11578201564194
4.5870126521619,-3.0618186573238
-1.04079413105326,-4.57100306720955
-5.07507153344888,3.85226287750813
2.59334813752512,5.55130706943406
-5.349580596427,-2.73897976298521
4.00697313513834,6.61782667259633
5.27529065359968,-3.34429464663046
4.70674190645395,-0.168688989154954
-3.38793513532683,4.21356566921521
-3.801953196911,3.93657254600307
3.57804577665665,6.24492025630642
3.98250310638961,6.50840292997218
-1.18852031905993,-5.71155266358552
-2.16441547093589,-2.57288698717386
-2.13501475502123,-3.11447006017958
-3.40705892420874,-2.43184110410588
3.71063850655945,6.70217597837757
-3.74599234903046,3.74446451953251
4.70880180401464,6.27529956065601
4.25055351216705,-4.13421637382533
3.3050729938771,-2.85724988695107
2.30410096977988,5.71077432749507
-3.79093277495133,2.60622625642471
5.70623540704079,-4.63576092058487
-4.09135937871471,4.67719551239694
4.26257028152902,3.24401370943257
4.19001988742696,-3.3595167000785
4.19695227610878,-3.27151368605228
5.78932607860857,6.70715839615809
1.27258585221493,-2.59113637040564
5.09158985221094,6.5834574116432
-3.30039063322413,-2.24837665748982
-5.00196210657202,2.73425628000656
-4.46683932077822,-1.8409353446565
-2.6945475808081,4.61451160423864
-5.31040761724222,3.60440329578243
4.81687904339246,-3.93506968796607
-1.09429392637117,-3.95729204233348
4.88781465460337,-4.56915502843841
4.96570827225307,-3.51116330640659
4.90972059064472,-4.28759688765846
1.77705129679207,4.84146870179446
-5.02241631316715,2.73839111612574
4.77929921973146,-3.29459966872237
5.39208566091558,-5.30600458455775
-5.24454629811676,4.38199059529258
2.09089276245314,5.01378170356032
4.42200890604788,-4.3162504344259
1.92848830970792,5.06957073915613
-3.59022565601939,3.07703016091777
-0.859623628438716,-4.01369638825599
-3.18654849070136,4.12181885984688
2.49909628432189,5.3873046103793
-5.51504240517646,-2.71116102134327
3.6056043408164,2.04800529968906
-3.90878046692522,4.00236980219485
-4.87629489009907,2.43405819285534
-4.60972053220725,3.39943893838848
-4.11331544441863,-2.30005746318819
-5.796114430978,3.13889250557487
3.03091455190578,5.84714346749639
2.09858120644739,4.96909934523974
4.75025325857477,6.76338932881022
4.79069013656581,-3.7546888318907
5.68193068331748,6.13842213416594
5.42274697988107,6.80491317939184
-5.68376679668784,5.63475809983139
4.52790700598812,-3.74474874974769
4.59859877026408,0.303703201327178
-0.736363786037021,-3.96723759104914
4.29999676782781,6.9135005572088
5.52756628438021,-4.10081259611059
-6.28827338337044,-2.08304059844734
5.17441978933821,6.57471540107163
0.685430390725809,2.06978010602097
3.45634455966272,6.59797636485951
3.31226015470309,-2.85748820818118
-3.15685700271144,4.66015102734046
5.17052195300226,-3.2482082403123
2.41493908051058,4.93239204302414
-6.65947169859527,6.35886449371647
-4.75877222989194,-2.03458629944211
-5.4853005351271,3.38411054313529
3.88597067457797,6.44265939885398
4.54184117054406,1.14471600056553
4.49575036499164,-3.38927635566025
3.69316129173751,2.96934134235094
-4.61970230616232,-1.63815035708999
3.22238857662499,-2.79496144124927
4.71557619323748,-3.95504539056102
3.37267850475714,6.6312180612042
5.59827182385064,6.49671883921014
5.31433592897755,-3.68911105218385
-4.48428059249093,3.19452123547701
5.63377823851683,-5.04737307196364
2.71877226656923,6.05063455601362
5.30122040326048,6.28874919207816
3.26330254553867,6.25911140354028
-1.61142814497088,-3.52416071004605
-0.578393111633098,-4.6815829459434
5.33569222331418,6.71835204590526
5.68665171396566,6.25975097878496
2.26242152569891,5.24740223602631
2.21514080927937,4.57996753056719
-3.03582709394024,3.18882377392703
-4.44683197635096,4.98890443995932
-4.20220592203026,-2.23741374860016
-4.25287413629543,3.86664467311766
-1.70206559669922,-4.35326478806584
4.80303922276748,6.47289525566289
-2.85123553115424,-2.44315368906847
5.84077919906596,-3.83738719591806
2.98143620350252,6.25204870258124
5.1829662179536,7.09150366793709
-0.918481430892952,-5.12465923009044
-4.67833893615069,3.84559268380642
3.89803516943904,-3.47809913439061
3.786438335563,-3.25056984320176
4.90258381970573,6.62416848856577
2.83721598886033,-2.66283374058438
4.2007295617105,-2.29796879430507
4.8377523477134,1.21088830561463
-5.02897707987963,-2.37827215393763
3.87889133680976,6.59029375943734
4.49777520156844,-4.33605832709689
-1.58931229562853,-5.49687801381775
2.20723406686385,5.07948916751367
4.85973943497317,-3.53319074493972
-2.06390815732707,-2.79811005368933
4.34086253027149,6.83654184099876
4.76935043104209,-0.462075476947703
5.40311461300859,6.33729629880647
4.20348982929163,-3.56940693856412
4.17991040307309,6.66930948803054
5.46049800901502,6.74195962057642
-2.9846321944311,-2.20323976813484
-5.14828542524184,-2.94171209924081
-5.61180733482493,-2.21206784917139
4.42136675510496,-2.94952032901995
4.71210127732139,-1.29407067155521
4.99490504063637,1.16931727071997
3.56092798522893,-4.55678062129484
-5.57790469859818,5.45415612817258
-2.50691441278295,-2.93140943203931
-5.9439470313966,2.85139479844647
3.95860309797244,-3.80802945744619
-5.8362431345661,3.7019659608515
-1.89863933976523,-5.42957647106785
5.84041648660404,-3.76384915633562
3.40965285905943,3.90440049391129
5.85588151409258,-5.14591958944797
5.36158483536586,-2.9974243073872
3.67800820928514,-2.655806046566
3.00609326398622,6.371630290238
-5.91882008644945,4.76251010190332
5.36610980746199,-3.63085263108387
-4.34979905852801,-2.20580395455273
-2.35004732457388,-2.96314212271904
4.29393178078011,3.35086629669103
4.63432069707227,-3.34423360537176
-3.23500095763227,-4.24722926762835
-4.48690800140474,4.26088369261849
4.04611366041277,3.06882905494069
-4.12934018094991,3.1782857892107
4.74143427537453,-1.41223820743757
2.74213651379881,5.92851851653719
-3.99137843818893,4.23986225790689
3.1121181225584,6.37423490780264
4.39063461477482,6.61498949325875
-5.85645687585583,3.62335826288398
-1.04098724468392,-4.81115821332934
4.91712134389332,-0.728663639512095
-4.89785997988202,-2.48038477032286
-2.05690534535289,-3.04511603274715
-2.48690158641495,-2.37047069050846
-5.01218947138766,3.2448568899379
-2.6872757116413,-1.3654377945243
-2.91357837554949,-2.68155934925004
-3.84602832897197,-1.70977569438296
3.22479895183294,6.36427333997867
-3.7599263673862,-1.84656797379254
-4.10218502414619,-2.27581294335948
-1.33470823227576,-4.65160117820029
3.01837099059554,5.7312217593569
5.48955434508061,-4.66323005186799
-4.77926602010392,-2.18139388165904
-1.20069605996497,-5.17633085035342
3.26660642221638,5.63121223048753
-3.61799211779233,-2.12618794812732
2.84232927569128,6.2488267782303
4.93599006558109,1.22233263155211
-0.978365733838009,1.65137069753978
4.46285757692618,6.82349937580181
3.78843681317673,-3.5419349752854
-1.90994181751722,-3.72266502416675
-4.22836544447737,4.39006307145068
5.70929775636615,-4.4439015307682
-3.30224991974273,-3.73476721287767
-3.50086101439054,3.3699708698147
-4.22041329102877,-2.63697849007651
2.60387671777965,6.06107982057098
-3.43460030543842,-1.75409844110072
-3.84173439685373,5.05872342022672
-4.79141490914686,2.27605426318876
-2.52106761870835,-1.93686865197724
-4.20061161924023,2.33635422629669
4.89838887394219,1.29274494531506
2.38103680399732,5.40532449028637
2.38255716576805,4.60780908773626
5.67232646008576,-3.38049811205452
3.50309388412879,-3.10737345328415
-1.7332979859532,-4.34062695073637
-4.89913704220908,-2.08686904555894
-2.03824083060725,-2.58076032226757
4.26342515425924,6.68576288631249
7.04780547196093,-5.0455908387315
-3.79036816235854,4.25845450491602
-5.37809529432177,3.99629399377145
-3.47044756664732,3.08132865252342
-4.99543010302096,1.45196689459406
1.88294655674491,4.96070861765521
5.40331149530262,-4.3451971240356
-3.95289897071065,-2.30730317319584
5.24697130677342,6.51195627364818
-2.03079962072728,4.87746266263349
4.28944712377862,-4.38925260399631
5.41288373568303,-3.64769294148576
5.41088187751209,-5.03703478737287
-4.19011960873681,3.96929054779407
6.66258699800196,0.380439180759719
-4.44864646583335,4.22589990102277
-4.49003671714993,5.03458428660232
3.47243978037695,-3.17231710821492
-1.32400122333277,-4.49532986083255
5.88426663746261,-3.43194739553548
3.90935088686474,-3.74661167995363
4.2614513308974,2.39219017166021
5.28655185288756,6.84899178407442
5.86208153977429,7.05360628292676
4.88074084455449,0.271171776100006
3.36930348627312,6.21167480595812
2.92180770901678,6.26882708155202
4.10535929414396,6.32110549765494
4.28870216516131,-2.53493794332377
-4.74482812859817,2.76889186455226
-5.46092802294064,3.49680015925782
4.1274296172309,6.71999778038712
-4.79473807995973,3.82908547488463
4.48361247985861,-3.34445454663276
1.88147220880461,4.55888304574998
5.46072571487057,-5.356300286796
4.28740385097085,6.40369181156016
-4.23286266208002,4.54012989507593
-4.79444189920415,2.97400745559454
6.75984621530964,4.50191902952953
-5.54227347054932,2.77074192628473
4.56076772096963,-3.24020555930061
-5.38550053141527,-1.90398618563295
4.60790145246,-3.22928660934802
-1.88225217113726,-5.49988944313518
3.41847601616912,-0.299811868395812
4.33561292137942,1.53078932238247
-5.19177406894594,3.218820455414
-5.37099835145192,3.84632711873648
5.86098416237098,-4.42566335231094
-5.82247024888473,-2.35894283266326
-4.50138929863738,3.9144176481758
-1.35643660336458,-4.07123243126717
-3.38408508318234,-4.35585022390431
-4.50309936354952,2.96681709653608
3.69323980493219,3.41625838375875
-5.36214111220467,2.83474670763992
-5.3544536179421,5.34948990233769
-2.34430455586091,-3.15873638854434
3.58957662125323,6.56763070504187
-1.2569539779404,-4.57946575966749
-2.13014109163357,-5.15451708354969
3.94417963712874,-4.10619540495084
2.39990421211174,5.91021297629024
-3.8717008821238,4.01183660559911
5.14431936898287,-4.31361861980633
-5.18087179040449,0.665595624772854
-4.60399932642548,3.1406835693498
4.74303994297166,-2.79413791663456
5.32300224588367,-4.23760249698458
2.63270242174236,6.13602033085244
-5.20956746630813,3.00275420894734
-5.15987728521027,3.37772674864539
-4.11462178036061,-1.61392577132737
4.11791124513311,3.33965144038846
4.94216160162607,6.37299062602953
6.01408282719133,-2.61871854441438
-0.90483477033654,-3.44684939464357
1.84330233253687,4.63052329723259
3.83869128666596,3.51480840722517
5.78588126350622,-4.32016606349704
5.56340809616586,-4.71967182137394
-2.84696613035782,4.23634600788791
-1.05822763082027,-4.30521812985364
-1.4643639904786,-4.5241924062988
4.22677372297398,-2.36843249309492
2.33311289670831,4.82425224006697
2.75951876246507,5.92332202683147
4.14812766225955,6.81309012693362
1.79103883888085,-3.37709463270407
-3.47992103342199,3.12430428545476
4.13251642062194,-3.35896476389733
-0.75228210003864,-5.22464428040384
-3.56869406534287,3.43932484463088
-5.06728851038627,-2.09042599487899
4.47921142551594,-4.31307907435066
-1.04313376588939,-3.66383977090005
2.28950266202688,5.62426155922202
-4.01110035003817,0.665584981142109
-4.76694562074599,2.68172384938277
-0.939546230558338,-3.96152881028572
4.1859573186414,3.15583966400688
-5.62100960919975,2.59452093447104
-3.92827441289425,-1.50597547349683
-2.97570763028284,-3.69136461631493
-0.916917784285909,-4.33545862136964
-3.4668095917254,5.0125394083471
4.6288191489833,6.73190381020178
2.28491594761556,-2.41751050630211
-3.3905493313591,3.2893956894509
-4.14005924937776,3.66755626337501
4.8958227320055,0.36106915933108
-1.04221753860004,-2.89199782940866
4.42961344771893,-3.3752185886031
4.38382955914915,-2.68341169240846
2.17287625490786,5.36598502570502
-5.3139533158207,-1.6418061564346
2.93068143650411,5.84316749853658
4.6237991617031,-0.477217553175013
4.80796708899285,0.541334880055089
-3.86024921901998,3.21475325555216
-3.92921260119944,3.68903613760991
2.84509820419416,-2.98782998350756
-3.70518879084508,3.16309006554051
-0.908023224503791,-3.81695544507984
3.81596008758416,3.76984493224631
-3.64278415992378,3.51908404005789
4.36614338250743,-3.03271262605023
-2.24219806472508,-2.85027338624301
-2.46436030535564,0.330872283178092
-1.89015343374107,-2.89142942437266
-3.21094442849744,4.53604073724775
4.07873366143047,-4.43554685587887
-4.49545545251957,3.37061537561327
3.90565053926962,-4.29923537636512
5.74623686986002,-3.82886749589385
-1.4164189800742,-5.96856991390173
-3.53662629600239,0.394545504339524
4.45996937769543,-4.06432085886888
-1.91361172501248,-3.23020799344061
-4.74445817850894,4.27618385650116
-4.55141476316739,-2.19279093701948
2.07417573952137,5.11601094373146
1.98666601634187,5.37731885845574
-2.64553794581938,-2.86552650200588
-2.29139855027623,-5.66634948893058
-4.27817047663632,3.15865668725065
4.11967426826293,-3.59717225588815
-4.9483731082515,-1.61826540378329
3.19099864833724,-3.29006707549243
-1.4858690635681,-3.21298869118154
-1.42558582987196,-3.05195558990959
-5.01019348440428,-2.79439283662816
3.10356271807442,2.13929839857487
2.77015420301578,-2.97369282262572
-2.2719843040555,-3.36776088433869
-4.75685076864334,2.52932482613843
-4.72069501597847,-4.59364987654627
-4.59914646929288,4.26102377892307
4.81972396186423,-2.76277360332528
4.43768460523796,-3.87336455758443
5.80293093720089,-0.777959360202238
1.35471122477218,1.59182448344361
-3.13962392659166,-1.68129345276563
-5.43239299271803,6.56497333478722
-2.94086513731409,-4.00409293882811
-5.33395834143042,3.81737771365757
3.49939707820194,5.88593341449593
2.63542137788126,5.98678704920598
2.02341373667821,4.76660007895848
5.20545180778842,5.810884029417
3.81274476879265,3.29572456524415
4.94986391379579,-4.09323096057241
-2.22581573782519,-2.51053578790232
-2.99058965237979,4.76027793333291
4.40776747966015,6.81166991340346
3.70082530165735,6.48715845644919
5.76490020392774,-4.10374678032177
-3.55474009837943,4.16988146273398
4.4379934652639,0.728184822611521
5.23931340790524,-4.35048432305663
4.80732923326141,-0.222355798714426
-3.37792416900895,3.67722065204402
-3.11059910796746,4.90491957634822
-3.6410672558437,3.59485383293826
-3.7028183207221,3.53376437584652
5.58317350171616,-4.52697887186937
-3.32490662781862,3.43758785967946
2.85574229907249,6.66356638740959
2.53305695694572,6.02599637186957
5.06182661298858,-4.00230515994029
3.98938050428874,-3.78945075229807
4.12544542665159,-3.79424444635356
-3.29950305919087,3.91624890167225
3.7071893847461,-3.1040755246233
5.10862373227388,-4.79058842811389
-2.65183467338574,5.05080276667967
-0.807190476431198,-4.54489816066395
1.82443426289516,4.53205346879889
-3.64159283328807,3.97928843909083
4.70134019111621,-0.00771406059432147
4.86352845564697,6.49666061521355
